USE hanami;

INSERT INTO flores (especie, nombre_cientifico, descripcion) VALUES
('Cerezo', 'Prunus serrulata', 'El cerezo japonés es conocido por sus hermosas flores rosadas que florecen en primavera.'),
('Olivo', 'Olea europaea', 'El olivo es un árbol conocido por sus frutos, las aceitunas, y por sus hojas plateadas y lanceoladas.'),
('Viña', 'Vitis vinifera', 'La vid es una planta trepadora que produce racimos de uvas, utilizadas para hacer vino, jugos y pasas.'),
('Lavanda', 'Lavandula angustifolia', 'La lavanda es una planta aromática con flores violetas, conocida por su fragancia relajante y sus propiedades medicinales.');


INSERT INTO propietarios (id, nombre, apellidos, email, password, tipo_documento, num_doc, latitud, longitud, ubicacion, poblacion, comarca, telefono, entidad) VALUES
(1, 'John', 'Doe', 'johndoe@example.com', '$2y$10$mu6Jo29tsp6GAKVUuxs0wuWYi.66cXyg1DUqS42RUgAhDn04ehTKq', 'DNI', '12345678A', 41.3862, 2.1734, '123 Carrer de Mallorca', 'Barcelona', 'Barcelonès', '123456789', 'ABC Inc.'),
(2, 'Jane', 'Smith', 'janesmith@example.com', '$2y$10$mu6Jo29tsp6GAKVUuxs0wuWYi.66cXyg1DUqS42RUgAhDn04ehTKq', 'NIF', '87654321B', 41.1579, 1.1065, '456 Carrer de Girona', 'Tarragona', 'Tarragonès', '987654321', 'XYZ Corp.'),
(3, 'Alice', 'Johnson', 'alicejohnson@example.com', '$2y$10$mu6Jo29tsp6GAKVUuxs0wuWYi.66cXyg1DUqS42RUgAhDn04ehTKq', 'CIF', 'AB123456C', 41.5912, 1.5209, '789 Plaça de l''Ajuntament', 'Lleida', 'Segrià', '555555555', 'LMN Ltd.'),
(4, 'Michael', 'Brown', 'michaelbrown@example.com', '$2y$10$mu6Jo29tsp6GAKVUuxs0wuWYi.66cXyg1DUqS42RUgAhDn04ehTKq', 'DNI', '87654321D', 41.6167, 0.6239, '456 Avinguda del President Macià', 'Girona', 'Gironès', '666666666', 'OPQ Corp.'),
(5, 'Emily', 'Miller', 'emilymiller@example.com', '$2y$10$mu6Jo29tsp6GAKVUuxs0wuWYi.66cXyg1DUqS42RUgAhDn04ehTKq', 'NIF', '12345678E', 41.6156, 0.6200, '789 Passeig de la Devesa', 'Girona', 'Gironès', '777777777', 'RST Ltd.'),
(6, 'David', 'Davis', 'daviddavis@example.com', '$2y$10$mu6Jo29tsp6GAKVUuxs0wuWYi.66cXyg1DUqS42RUgAhDn04ehTKq', 'CIF', 'AB123456F', 41.3865, 2.1634, '1010 Plaça de Catalunya', 'Barcelona', 'Barcelonès', '888888888', 'UVW Corp.'),
(7, 'Olivia', 'Wilson', 'oliviawilson@example.com', '$2y$10$mu6Jo29tsp6GAKVUuxs0wuWYi.66cXyg1DUqS42RUgAhDn04ehTKq', 'NIF', '12345678G', 41.7278, 1.8224, '321 Carrer Major', 'Sabadell', 'Vallès Occidental', '999999999', 'XYZ Ltd.'),
(8, 'James', 'Taylor', 'jamestaylor@example.com', '$2y$10$mu6Jo29tsp6GAKVUuxs0wuWYi.66cXyg1DUqS42RUgAhDn04ehTKq', 'DNI', '12345678H', 41.6416, 0.8892, '777 Carrer del Cid', 'Terrassa', 'Vallès Occidental', '1010101010', 'ABC Corp.'),
(9, 'Sophia', 'Jones', 'sophiajones@example.com', '$2y$10$mu6Jo29tsp6GAKVUuxs0wuWYi.66cXyg1DUqS42RUgAhDn04ehTKq', 'DNI', '12345678I', 41.9559, 1.4474, '111 Plaça dels Comuns', 'Manresa', 'Bages', '1111111111', 'DEF Ltd.'),
(10, 'Liam', 'Evans', 'liamevans@example.com', '$2y$10$mu6Jo29tsp6GAKVUuxs0wuWYi.66cXyg1DUqS42RUgAhDn04ehTKq', 'DNI', '12345678J', 41.6167, 0.6239, '222 Avinguda del President Macià', 'Girona', 'Gironès', '1212121212', 'GHI Corp.'),
(11, 'Amelia', 'Garcia', 'ameliagarcia@example.com', '$2y$10$mu6Jo29tsp6GAKVUuxs0wuWYi.66cXyg1DUqS42RUgAhDn04ehTKq', 'DNI', '12345678K', 41.5162, 2.1045, '333 Rambla de Catalunya', 'Barcelona', 'Barcelonès', '1313131313', 'JKL Ltd.'),
(12, 'Benjamin', 'Martinez', 'benjaminmartinez@example.com', '$2y$10$mu6Jo29tsp6GAKVUuxs0wuWYi.66cXyg1DUqS42RUgAhDn04ehTKq', 'DNI', '12345678L', 41.3862, 2.1734, '444 Passeig de Gràcia', 'Barcelona', 'Barcelonès', '1414141414', 'MNO Corp.'),
(13, 'Mia', 'Hernandez', 'miahernandez@example.com', '$2y$10$mu6Jo29tsp6GAKVUuxs0wuWYi.66cXyg1DUqS42RUgAhDn04ehTKq', 'DNI', '12345678M', 41.5920, 1.8206, '555 Passeig del Canal', 'Vilanova i la Geltrú', 'Garraf', '1515151515', 'PQR Ltd.'),
(14, 'Logan', 'Lopez', 'loganlopez@example.com', '$2y$10$mu6Jo29tsp6GAKVUuxs0wuWYi.66cXyg1DUqS42RUgAhDn04ehTKq', 'DNI', '12345678N', 41.3888, 2.1680, '666 Carrer dels Flassaders', 'Barcelona', 'Barcelonès', '1616161616', 'STU Corp.'),
(15, 'Ella', 'Gonzalez', 'ellagonzalez@example.com', '$2y$10$mu6Jo29tsp6GAKVUuxs0wuWYi.66cXyg1DUqS42RUgAhDn04ehTKq', 'DNI', '12345678O', 41.5915, 1.5208, '777 Carrer de Bisbe Ruano', 'Lleida', 'Segrià', '1717171717', 'VWX Ltd.'),
(16, 'Noah', 'Perez', 'noahperez@example.com', '$2y$10$mu6Jo29tsp6GAKVUuxs0wuWYi.66cXyg1DUqS42RUgAhDn04ehTKq', 'DNI', '12345678P', 41.3920, 2.1647, '888 Plaça de Sant Jaume', 'Barcelona', 'Barcelonès', '1818181818', 'YZA Corp.'),
(17, 'Charlotte', 'Rodriguez', 'charlotterodriguez@example.com', '$2y$10$mu6Jo29tsp6GAKVUuxs0wuWYi.66cXyg1DUqS42RUgAhDn04ehTKq', 'DNI', '12345678Q', 41.7264, 1.8224, '999 Carrer de Mestre Nicolau', 'Sabadell', 'Vallès Occidental', '1919191919', 'BCD Ltd.'),
(18, 'William', 'Rivera', 'williamrivera@example.com', '$2y$10$mu6Jo29tsp6GAKVUuxs0wuWYi.66cXyg1DUqS42RUgAhDn04ehTKq', 'DNI', '12345678R', 41.5626, 2.0193, '1111 Carrer de Jacint Verdaguer', 'Granollers', 'Vallès Oriental', '202020202', 'CDE Corp.'),
(19, 'Victoria', 'Turner', 'victoriaturner@example.com', '$2y$10$mu6Jo29tsp6GAKVUuxs0wuWYi.66cXyg1DUqS42RUgAhDn04ehTKq', 'DNI', '12345678S', 41.9559, 1.4474, '2222 Plaça Sant Domènec', 'Manresa', 'Bages', '121212121', 'DEF Ltd.'),
(20, 'Aiden', 'Collins', 'aidencollins@example.com', '$2y$10$mu6Jo29tsp6GAKVUuxs0wuWYi.66cXyg1DUqS42RUgAhDn04ehTKq', 'DNI', '12345678T', 41.5626, 2.0193, '3333 Carrer de Santa Llúcia', 'Granollers', 'Vallès Oriental', '222222222', 'EFG Corp.'),
(21, 'Grace', 'Wood', 'gracewood@example.com', '$2y$10$mu6Jo29tsp6GAKVUuxs0wuWYi.66cXyg1DUqS42RUgAhDn04ehTKq', 'DNI', '12345678U', 41.6174, 0.6200, '4444 Carrer de l''Aurora', 'Girona', 'Gironès', '2323232323', 'GHI Ltd.'),
(22, 'Daniel', 'Ward', 'danielward@example.com', '$2y$10$mu6Jo29tsp6GAKVUuxs0wuWYi.66cXyg1DUqS42RUgAhDn04ehTKq', 'DNI', '12345678V', 41.3925, 2.1647, '5555 Carrer del Parlament', 'Barcelona', 'Barcelonès', '424242424', 'IJK Ltd.'),
(23, 'Scarlett', 'Hamilton', 'scarletthamilton@example.com', '$2y$10$mu6Jo29tsp6GAKVUuxs0wuWYi.66cXyg1DUqS42RUgAhDn04ehTKq', 'DNI', '12345678W', 41.5177, 2.0881, '6666 Rambla del Poblenou', 'Barcelona', 'Barcelonès', '252525252', 'KLM Ltd.'),
(24, 'Ethan', 'Cooper', 'ethancooper@example.com', '$2y$10$mu6Jo29tsp6GAKVUuxs0wuWYi.66cXyg1DUqS42RUgAhDn04ehTKq', 'DNI', '12345678X', 41.9515, 1.6260, '7777 Carrer de les Acàcies', 'La Seu d''Urgell', 'Alt Urgell', '262622626', 'MNO Ltd.'),
(25, 'Madison', 'Reed', 'madisonreed@example.com', '$2y$10$mu6Jo29tsp6GAKVUuxs0wuWYi.66cXyg1DUqS42RUgAhDn04ehTKq', 'DNI', '12345678Y', 41.3784, 2.1527, '8888 Passeig de Colom', 'Barcelona', 'Barcelonès', '272727272', 'PQR Ltd.'),
(26, 'Mason', 'Bailey', 'masonbailey@example.com', '$2y$10$mu6Jo29tsp6GAKVUuxs0wuWYi.66cXyg1DUqS42RUgAhDn04ehTKq', 'DNI', '12345678Z', 41.6167, 0.6239, '9999 Rambla de la Llibertat', 'Girona', 'Gironès', '282822828', 'STU Ltd.'),
(27, 'Harper', 'Ross', 'harperross@example.com', '$2y$10$mu6Jo29tsp6GAKVUuxs0wuWYi.66cXyg1DUqS42RUgAhDn04ehTKq', 'DNI', '12345678AA', 41.3842, 2.1701, '10101 Carrer de Muntaner', 'Barcelona', 'Barcelonès', '292922929', 'VWX Ltd.'),
(28, 'Henry', 'Coleman', 'herrycoleman@example.com', '$2y$10$mu6Jo29tsp6GAKVUuxs0wuWYi.66cXyg1DUqS42RUgAhDn04ehTKq', 'DNI', '12345678AB', 41.3773, 2.1457, '12345 Carrer de Mallorca', 'Barcelona', 'Barcelonès', '330303030', 'YZA Ltd.'),
(29, 'Evelyn', 'Reyes', 'evelynreyes@example.com', '$2y$10$mu6Jo29tsp6GAKVUuxs0wuWYi.66cXyg1DUqS42RUgAhDn04ehTKq', 'DNI', '12345678AC', 41.7278, 1.8224, '22222 Carrer de Sant Antoni', 'Sabadell', 'Vallès Occidental', '331313131', 'BCD Ltd.'),
(30, 'Lincoln', 'Bell', 'lincolbell@example.com', '$2y$10$mu6Jo29tsp6GAKVUuxs0wuWYi.66cXyg1DUqS42RUgAhDn04ehTKq', 'DNI', '12345678AD', 41.6056, 0.6238, '33333 Carrer dels Banys Vells', 'Girona', 'Gironès', '323232322', 'CDE Ltd.'),
(31, 'Leah', 'Fisher', 'leahfisher@example.com', '$2y$10$mu6Jo29tsp6GAKVUuxs0wuWYi.66cXyg1DUqS42RUgAhDn04ehTKq', 'DNI', '12345678AE', 41.8781, 2.4752, '44444 Carrer del Dr. Joaquim Soler', 'Sant Cugat del Vallès', 'Vallès Occidental', '333333333', 'DEF Ltd.'),
(32, 'Carter', 'Ford', 'carterford@example.com', '$2y$10$mu6Jo29tsp6GAKVUuxs0wuWYi.66cXyg1DUqS42RUgAhDn04ehTKq', 'DNI', '12345678AF', 41.5430, 2.1094, '55555 Plaça de la Vila', 'Barcelona', 'Barcelonès', '343434344', 'EFG Ltd.'),
(33, 'Elena', 'Baker', 'elenabaker@example.com', '$2y$10$mu6Jo29tsp6GAKVUuxs0wuWYi.66cXyg1DUqS42RUgAhDn04ehTKq', 'DNI', '12345678AG', 41.6156, 0.6238, '66666 Rambla de la Libertat', 'Girona', 'Gironès', '353535353', 'GHI Ltd.'),
(34, 'Lucas', 'Brooks', 'lucasbrooks@example.com', '$2y$10$mu6Jo29tsp6GAKVUuxs0wuWYi.66cXyg1DUqS42RUgAhDn04ehTKq', 'DNI', '12345678AH', 41.3888, 2.1680, '77777 Carrer dels Flassaders', 'Barcelona', 'Barcelonès', '336363636', 'HIJ Ltd.'),
(35, 'Chloe', 'Kelly', 'chloekelly@example.com', '$2y$10$mu6Jo29tsp6GAKVUuxs0wuWYi.66cXyg1DUqS42RUgAhDn04ehTKq', 'DNI', '12345678AI', 41.5912, 1.5209, '88888 Plaça de l''Ajuntament', 'Lleida', 'Segrià', '373737373', 'IJK Ltd.'),
(36, 'Aria', 'Watson', 'ariawatson@example.com', '$2y$10$mu6Jo29tsp6GAKVUuxs0wuWYi.66cXyg1DUqS42RUgAhDn04ehTKq', 'DNI', '12345678AJ', 41.3938, 2.1589, '99999 Plaça dels Àngels', 'Barcelona', 'Barcelonès', '388383838', 'KLM Ltd.'),
(37, 'Isaac', 'Long', 'isaclong@example.com', '$2y$10$mu6Jo29tsp6GAKVUuxs0wuWYi.66cXyg1DUqS42RUgAhDn04ehTKq', 'DNI', '12345678AK', 41.3773, 2.1457, '101010 Carrer de Mallorca', 'Barcelona', 'Barcelonès', '393939939', 'LMN Ltd.'),
(38, 'Zoe', 'Harrison', 'zoeharrison@example.com', '$2y$10$mu6Jo29tsp6GAKVUuxs0wuWYi.66cXyg1DUqS42RUgAhDn04ehTKq', 'DNI', '12345678AL', 41.7312, 1.8226, '111111 Carrer de Llorenç Prats', 'Sabadell', 'Vallès Occidental', '040404040', 'MNO Ltd.'),
(39, 'Jackson', 'Wright', 'jacksonwright@example.com', '$2y$10$mu6Jo29tsp6GAKVUuxs0wuWYi.66cXyg1DUqS42RUgAhDn04ehTKq', 'DNI', '12345678AM', 41.9559, 1.4474, '121212 Plaça Sant Domènec', 'Manresa', 'Bages', '414141441', 'NOP Ltd.'),
(40, 'Ellie', 'Foster', 'elliefoster@example.com', '$2y$10$mu6Jo29tsp6GAKVUuxs0wuWYi.66cXyg1DUqS42RUgAhDn04ehTKq', 'DNI', '12345678AN', 41.5626, 2.0193, '131313 Carrer de Santa Llúcia', 'Granollers', 'Vallès Oriental', '424424242', 'OPQ Ltd.');


INSERT INTO puntos_interes (id, nombre, descripcion, latitud, longitud, ubicacion, poblacion, comarca, provincia, propietario_id) VALUES
(1, 'Casa de campo', 'Casa de campo con jardín y piscina', 41.1931, 0.7776, 'Carrer dels Masets', 'Gratallops', 'Tarragones','Tarragona', 1),
(2, 'Pueblo Aitona', 'Pequeña ciudad del Tarragonés caracteristica por sus arboles frutales', 41.3862, 2.1734, 'Carrer Major', 'Aitona', 'Segriá','Lleida', 2),
(3, 'Casa rural', 'Casa rural con vistas a las montañas', 41.7506, 1.9122, 'Carrer del Camp', 'Manresa', 'Bages','Barcelona', 3),
(4, 'Loft en el centro', 'Loft moderno en el corazón de la ciudad', 41.3851, 2.1734, 'Carrer de Ferran', 'Barcelona', 'Barcelonès','Barcelona', 4),
(5, 'Chalet adosado', 'Chalet adosado con jardín privado', 41.2619, 1.0912, 'Carrer de la Plaça', 'Tarragona', 'Tarragonès','Tarragona', 5),
(6, 'Ático con piscina', 'Ático con piscina comunitaria', 41.5583, 2.0425, 'Avinguda Diagonal', 'Barcelona', 'Barcelonès','Barcelona', 6),
(7, 'Casa de pueblo', 'Casa de pueblo reformada con patio', 41.7036, 2.8442, 'Carrer Major', 'Lleida', 'Segrià','Girona', 7),
(8, 'Loft con terraza', 'Loft con terraza privada y vistas', 41.1561, 1.1065, 'Carrer de Sant Magí', 'Tarragona', 'Tarragonès','Tarragona', 8),
(9, 'Chalet independiente', 'Chalet con piscina y amplio jardín', 41.6167, 0.6239, 'Carrer de la Font', 'Girona', 'Gironès','Girona', 9),
(10, 'Ático céntrico', 'Ático con vistas al centro histórico', 41.6350, 2.1600, 'Carrer de la Lluna', 'Barcelona', 'Barcelonès','Barcelona', 10),
(11, 'Casa de campo', 'Casa de campo con huerto y vistas', 41.5912, 1.5209, 'Carrer dels Avets', 'Lleida', 'Segrià','Lleida', 11),
(12, 'Loft minimalista', 'Loft con diseño minimalista', 41.6866, 2.4566, 'Carrer del Pont', 'La Seu d''Urgell', 'Alt Urgell','Girona', 12),
(13, 'Chalet moderno', 'Chalet de diseño moderno con piscina', 41.6192, 2.0271, 'Carrer de la Palmera', 'Barcelona', 'Barcelonès','Barcelona', 13),
(14, 'Ático luminoso', 'Ático con mucha luz natural', 41.1579, 1.1065, 'Carrer del Raval', 'Tarragona', 'Tarragonès','Tarragona', 14),
(15, 'Casa rural', 'Casa rural con chimenea y vistas', 41.9559, 1.4474, 'Carrer de les Sitges', 'Manresa', 'Bages','Barcelona', 15),
(16, 'Loft industrial', 'Loft con estilo industrial', 41.3872, 2.1692, 'Carrer de Trafalgar', 'Barcelona', 'Barcelonès','Barcelona', 16),
(17, 'Chalet con vistas', 'Chalet con vistas al mar y a la montaña', 41.5176, 2.1720, 'Carrer de Mozart', 'Barcelona', 'Barcelonès','Barcelona', 17),
(18, 'Ático en el Born', 'Ático en el corazón del barrio del Born', 41.3832, 2.1774, 'Carrer de l''Argenteria', 'Barcelona', 'Barcelonès','Barcelona', 18),
(19, 'Casa de pueblo', 'Casa de pueblo con patio interior', 41.5773, 1.6297, 'Carrer de la Font', 'Manresa', 'Bages','Barcelona', 19),
(20, 'Loft con jardín', 'Loft con jardín privado en el Eixample', 41.3891, 2.1660, 'Carrer de Provença', 'Barcelona', 'Barcelonès','Barcelona', 20),
(21, 'Ático con terraza panorámica', 'Ático con vistas panorámicas a la ciudad', 41.6463, 0.8862, 'Carrer de la Merce', 'Reus', 'Tarragonès','Tarragona', 21),
(22, 'Casa de campo', 'Casa de campo con piscina y zona de barbacoa', 41.6167, 0.6239, 'Carrer de la Font', 'Girona', 'Gironès','Girona', 22),
(23, 'Loft en el Raval', 'Loft en el barrio del Raval con vistas', 41.3802, 2.1687, 'Carrer dels Tallers', 'Barcelona', 'Barcelonès','Barcelona', 23),
(24, 'Chalet con jardín', 'Chalet con amplio jardín y vistas', 41.5863, 1.8395, 'Carrer de la Mar', 'Manresa', 'Bages','Barcelona', 24),
(25, 'Ático modernista', 'Ático en edificio modernista', 41.3916, 2.1714, 'Carrer de Balmes', 'Barcelona', 'Barcelonès','Barcelona', 25),
(26, 'Casa rural', 'Casa rural con piscina y zona de juegos', 41.8807, 1.8359, 'Carrer dels Avets', 'Igualada', 'Anoia','Barcelona', 26),
(27, 'Loft luminoso', 'Loft con mucha luz natural', 41.5851, 1.6057, 'Carrer dels Gats', 'Manresa', 'Bages','Barcelona', 27),
(28, 'Ático con jacuzzi', 'Ático con jacuzzi privado', 41.3902, 2.1624, 'Carrer de Mallorca', 'Barcelona', 'Barcelonès','Barcelona', 28),
(29, 'Casa de pueblo', 'Casa de pueblo con patio trasero', 41.3842, 2.1457, 'Carrer del Call', 'Barcelona', 'Barcelonès','Barcelona', 29),
(30, 'Loft con vistas al mar', 'Loft con vistas al mar mediterráneo', 41.1561, 1.1065, 'Carrer de Sant Magí', 'Tarragona', 'Tarragonès','Tarragona', 30),
(31, 'Ático con terraza chill-out', 'Ático con terraza chill-out privada', 41.6454, 0.8903, 'Carrer de Sant Pau', 'Reus', 'Tarragonès','Tarragona', 31),
(32, 'Casa de campo', 'Casa de campo con vistas al campo', 41.6011, 2.0005, 'Carrer del Moli', 'Barcelona', 'Barcelonès','Barcelona', 32),
(33, 'Loft diáfano', 'Loft con espacio diáfano y techos altos', 41.3842, 2.1457, 'Carrer de Mallorca', 'Barcelona', 'Barcelonès','Barcelona', 33),
(34, 'Chalet familiar', 'Chalet espacioso ideal para familias', 41.5895, 2.0875, 'Carrer de la Flor', 'Manresa', 'Bages','Barcelona', 34),
(35, 'Ático moderno', 'Ático con diseño moderno y terraza', 41.3805, 2.1226, 'Carrer de la Diputació', 'Barcelona', 'Barcelonès','Barcelona', 35),
(36, 'Casa de campo', 'Casa de campo con piscina y zona de relax', 41.5925, 2.1340, 'Carrer de Balmes', 'Barcelona', 'Barcelonès', 'Barcelona',36),
(37, 'Loft en el Gótico', 'Loft en el barrio gótico con vistas', 41.3822, 2.1764, 'Carrer dels Arcs', 'Barcelona', 'Barcelonès','Barcelona', 37),
(38, 'Ático con vistas al mar', 'Ático con vistas panorámicas al mar', 41.5942, 2.4387, 'Carrer de Sants', 'Barcelona', 'Barcelonès','Barcelona', 38),
(39, 'Casa rural', 'Casa rural con chimenea y vistas al campo', 41.6011, 2.0005, 'Carrer del Moli', 'Barcelona', 'Barcelonès','Barcelona', 39),
(40, 'Loft reformado', 'Loft reformado en el Raval', 41.3839, 2.1698, 'Carrer de l''Hospital', 'Barcelona', 'Barcelonès','Barcelona', 40);



INSERT INTO temporadas (id, nombre, fecha_inicio, fecha_fin, descripcion, punto_interes_id, flor_id) VALUES
(1, 'ViñaFlor', '2024-04-20', '2024-05-10', 'Temporada de florecimiento y temperaturas suaves', 1, 3),
(2, 'CerezoCapullo', '2024-05-21', '2024-07-22', 'Temporada de calor y días largos', 2, 1),
(3, 'CerezoMediano', '2024-04-03', '2024-06-02', 'Temporada de colores otoñales y clima fresco', 2, 1),
(4, 'LavandaMuerta', '2024-05-28', '2025-05-19', 'Temporada de frío y posibilidad de nieve', 4, 4),
(5, 'ViñaFlor', '2024-04-11', '2024-05-11', 'Temporada de florecimiento y temperaturas suaves', 5, 3),
(6, 'CerezoCapullo', '2024-04-23', '2024-06-02', 'Temporada de calor y días largos', 6, 1),
(7, 'CerezoMediano', '2024-05-14', '2024-07-22', 'Temporada de colores otoñales y clima fresco', 7, 1),
(8, 'LavandaMuerta', '2024-05-28', '2025-05-19', 'Temporada de frío y posibilidad de nieve', 8, 4),
(9, 'ViñaFlor', '2024-05-20', '2024-05-20', 'Temporada de florecimiento y temperaturas suaves', 9, 3),
(10, 'CerezoCapullo', '2024-05-23', '2024-06-02', 'Temporada de calor y días largos', 10, 1),
(11, 'CerezoMediano', '2024-04-03', '2024-07-22', 'Temporada de colores otoñales y clima fresco', 11, 1),
(12, 'LavandaMuerta', '2024-05-20', '2024-05-10', 'Temporada de frío y posibilidad de nieve', 12, 4),
(13, 'ViñaFlor', '2024-04-20', '2024-05-20', 'Temporada de florecimiento y temperaturas suaves', 13, 3),
(14, 'CerezoCapullo', '2024-04-23', '2024-06-02', 'Temporada de calor y días largos', 14, 1),
(15, 'CerezoMediano', '2024-04-14', '2024-07-22', 'Temporada de colores otoñales y clima fresco', 15, 1),
(16, 'LavandaMuerta', '2024-04-20', '2024-05-10', 'Temporada de frío y posibilidad de nieve', 16, 4),
(17, 'ViñaUvaPequenia', '2024-04-20', '2024-05-20', 'Temporada de florecimiento y temperaturas suaves', 17, 3),
(18, 'CerezoInicioFlor', '2024-04-03', '2024-06-02', 'Temporada de calor y días largos', 2, 1),
(19, 'CerezoGrande', '2024-05-19', '2024-05-03', 'Temporada de colores otoñales y clima fresco', 2, 1),
(20, 'OlivoFlor', '2024-05-28', '2025-05-19', 'Temporada de frío y posibilidad de nieve', 20, 2),
(21, 'ViñaUvaPequenia', '2024-05-20', '2024-05-20', 'Temporada de florecimiento y temperaturas suaves', 21, 3),
(22, 'CerezoInicioFlor', '2024-05-23', '2024-06-02', 'Temporada de calor y días largos', 22, 1),
(23, 'CerezoGrande', '2024-04-19', '2024-05-03', 'Temporada de colores otoñales y clima fresco', 23, 1),
(24, 'OlivoFlor', '2024-04-28', '2025-05-19', 'Temporada de frío y posibilidad de nieve', 24, 2),
(25, 'ViñaUvaPequenia', '2024-04-20', '2024-05-20', 'Temporada de florecimiento y temperaturas suaves', 25, 3),
(26, 'CerezoInicioFlor', '2024-04-23', '2024-06-02', 'Temporada de calor y días largos', 26, 1),
(27, 'CerezoGrande', '2024-04-19', '2024-05-03', 'Temporada de colores otoñales y clima fresco', 27, 1),
(28, 'OlivoFlor', '2024-04-28', '2025-05-19', 'Temporada de frío y posibilidad de nieve', 28, 2),
(29, 'ViñaUvaPequenia', '2024-04-20', '2024-05-20', 'Temporada de florecimiento y temperaturas suaves', 29, 3),
(30, 'CerezoInicioFlor', '2024-04-23', '2024-06-02', 'Temporada de calor y días largos', 30, 1),
(31, 'CerezoGrande', '2024-04-19', '2024-05-03', 'Temporada de colores otoñales y clima fresco', 31, 1),
(32, 'OlivoFlor', '2024-04-20', '2024-05-10', 'Temporada de frío y posibilidad de nieve', 32, 2),
(33, 'ViñaUvaMediana', '2024-04-20', '2024-05-20', 'Temporada de florecimiento y temperaturas suaves', 33, 3),
(34, 'CerezoMaxFloracion', '2024-04-03', '2024-06-02', 'Temporada de calor y días largos', 2, 1),
(35, 'LavandaCapullo', '2024-04-14', '2024-07-22', 'Temporada de colores otoñales y clima fresco', 35, 4),
(36, 'OlivoFlor', '2024-04-20', '2024-05-10', 'Temporada de frío y posibilidad de nieve', 36, 2),
(37, 'ViñaUvaMediana', '2024-04-20', '2024-05-20', 'Temporada de florecimiento y temperaturas suaves', 37, 3),
(38, 'CerezoMaxFloracion', '2024-04-23', '2024-06-02', 'Temporada de calor y días largos', 38, 1),
(39, 'LavandaCapullo', '2024-04-14', '2024-07-22', 'Temporada de colores otoñales y clima fresco', 39, 4),
(40, 'OlivoFlor', '2024-04-28', '2025-05-19', 'Temporada de frío y posibilidad de nieve', 40, 2),
(41, 'ViñaUvaMediana', '2024-04-20', '2024-05-20', 'Temporada de florecimiento y temperaturas suaves', 1, 3),
(42, 'CerezoMaxFloracion', '2024-04-03', '2024-06-02', 'Temporada de calor y días largos', 2, 1),
(43, 'LavandaCapullo', '2024-04-14', '2024-07-22', 'Temporada de colores otoñales y clima fresco', 3, 4),
(44, 'OlivoFlor', '2024-04-28', '2025-05-19', 'Temporada de frío y posibilidad de nieve', 4, 2),
(45, 'ViñaUvaMediana', '2024-04-20', '2024-05-20', 'Temporada de florecimiento y temperaturas suaves', 5, 3),
(46, 'CerezoMaxFloracion', '2024-04-23', '2024-06-02', 'Temporada de calor y días largos', 6, 1),
(47, 'LavandaCapullo', '2024-04-19', '2024-05-03', 'Temporada de colores otoñales y clima fresco', 7, 4),
(48, 'OlivoFlor', '2024-04-20', '2024-05-10', 'Temporada de frío y posibilidad de nieve', 8, 2),
(49, 'ViñaUvaGrande', '2024-04-20', '2024-05-20', 'Temporada de florecimiento y temperaturas suaves', 9, 3),
(50, 'CerezoMuerto', '2024-04-23', '2024-06-02', 'Temporada de calor y días largos', 10, 1),
(51, 'LavandaInicioFlor', '2024-04-19', '2024-05-03', 'Temporada de colores otoñales y clima fresco', 11, 4),
(52, 'OlivoFlor', '2024-04-28', '2025-05-19', 'Temporada de frío y posibilidad de nieve', 12, 2),
(53, 'ViñaUvaGrande', '2024-04-20', '2024-05-20', 'Temporada de florecimiento y temperaturas suaves', 13, 3),
(54, 'CerezoMuerto', '2024-04-23', '2024-06-02', 'Temporada de calor y días largos', 14, 1),
(55, 'LavandaInicioFlor', '2024-04-19', '2024-05-03', 'Temporada de colores otoñales y clima fresco', 15, 4),
(56, 'OlivoFlor', '2024-05-28', '2025-05-19', 'Temporada de frío y posibilidad de nieve', 16, 2),
(57, 'ViñaUvaGrande', '2024-05-20', '2024-05-20', 'Temporada de florecimiento y temperaturas suaves', 17, 3),
(58, 'CerezoMuerto', '2024-05-23', '2024-06-02', 'Temporada de calor y días largos', 18, 1),
(59, 'LavandaInicioFlor', '2024-05-19', '2024-05-03', 'Temporada de colores otoñales y clima fresco', 19, 4),
(60, 'OlivoFlor', '2024-04-28', '2025-05-19', 'Temporada de frío y posibilidad de nieve', 20, 2),
(61, 'ViñaUvaGrande', '2024-05-20', '2024-05-20', 'Temporada de florecimiento y temperaturas suaves', 21, 3),
(62, 'CerezoMuerto', '2024-04-23', '2024-06-02', 'Temporada de calor y días largos', 22, 1),
(63, 'LavandaInicioFlor', '2024-05-14', '2024-07-22', 'Temporada de colores otoñales y clima fresco', 23, 4),
(64, 'OlivoFlor', '2024-05-20', '2024-05-10', 'Temporada de frío y posibilidad de nieve', 24, 2),
(65, 'OlivoPequenio', '2024-05-20', '2024-05-20', 'Temporada de florecimiento y temperaturas suaves', 25, 2),
(66, 'CerezoPequenio', '2024-05-23', '2024-06-02', 'Temporada de calor y días largos', 26, 1),
(67, 'LavandaMaxFloracion', '2024-05-14', '2024-07-22', 'Temporada de colores otoñales y clima fresco', 27, 4),
(68, 'OlivoFlor', '2024-04-28', '2025-05-19', 'Temporada de frío y posibilidad de nieve', 28, 2),
(69, 'OlivoMediano', '2024-05-20', '2024-05-20', 'Temporada de florecimiento y temperaturas suaves', 29, 2),
(70, 'CerezoPequenio', '2024-05-23', '2024-06-02', 'Temporada de calor y días largos', 30, 1),
(71, 'LavandaMaxFloracion', '2024-04-14', '2024-07-22', 'Temporada de colores otoñales y clima fresco', 31, 4),
(72, 'OlivoFlor', '2024-05-28', '2025-05-19', 'Temporada de frío y posibilidad de nieve', 32, 2),
(73, 'OlivoGrande', '2024-04-20', '2024-05-20', 'Temporada de florecimiento y temperaturas suaves', 33, 2),
(74, 'CerezoPequenio', '2024-05-23', '2024-06-02', 'Temporada de calor y días largos', 34, 1),
(75, 'LavandaMaxFloracion', '2024-05-14', '2024-06-03', 'Temporada de colores otoñales y clima fresco', 35, 4),
(76, 'OlivoFlor', '2024-04-28', '2025-05-19', 'Temporada de frío y posibilidad de nieve', 36, 2),
(77, 'OlivoGrande', '2024-05-20', '2024-05-20', 'Temporada de florecimiento y temperaturas suaves', 37, 2),
(78, 'CerezoPequenio', '2024-04-23', '2024-06-02', 'Temporada de calor y días largos', 38, 1),
(79, 'LavandaMaxFloracion', '2024-05-14', '2024-06-03', 'Temporada de colores otoñales y clima fresco', 39, 4),
(80, 'OlivoFlor', '2024-04-28', '2025-05-19', 'Temporada de frío y posibilidad de nieve', 40, 2);


INSERT INTO actividades (id, nombre, categoria, descripcion, latitud, longitud, ubicacion, poblacion, comarca, provincia, temporada_id) VALUES
(1, 'Ruta en bicicleta', 'Bici', 'Ruta en bicicleta de montaña', 41.1931, 0.7776, 'Carrer dels Masets', 'Gratallops', 'Tarragonès','Tarragona', 1),
(2, 'Senderismo por el monte', 'Senderismo', 'Senderismo en las montañas cercanas', 41.1931, 0.7776, 'Carrer dels Masets', 'Gratallops', 'Tarragonès','Tarragona', 41),
(3, 'Visita la Bodega', 'A pie', 'Visita la bodega de nuestras instalaciones', 41.1931, 0.7776, 'Carrer dels Masets', 'Gratallops', 'Tarragonès','Tarragona', 41),
(4, 'Sendero natural', 'Paseo en carro', 'Paseo en caballo', 41.1931, 0.7776, 'Carrer dels Masets', 'Tarragona', 'Tarragonès','Tarragona', 41),
(5, 'Apadrina un Arbol', 'A pie', ' Las empresas familiares agrícolas de Aitona, con más de 60 años de experiencia como productores de fruta dulce, quieren acercarse directamente a los consumidores, sin intermediarios, para dar a conocer el valor de una fruta cultivada y cuidada hasta el momento óptimo de consumo ', 41.2619, 1.0912, 'Carrer de la Plaça', 'Aitona', 'Segriá','Lleida', 3),
(6, 'Paseo por el núcleo antiguo de Aitona', 'Senderismo', 'Senderismo entre árboles y naturaleza', 41.2619, 1.0912, 'Carrer de la Plaça', 'Aitona', 'Segriá','Lleida', 3),
(7, 'Ruta en bicicleta urbana', 'Bici', 'Ruta en bicicleta por la ciudad', 41.2619, 1.0912, 'Carrer de la Plaça', 'Aitona', 'Segriá','Lleida', 3),
(8, 'Senderismo por los campos', 'Senderismo', 'Senderismo con vistas a los campos florales', 41.2619, 1.0912, 'Carrer de la Plaça', 'Aitona', 'Segriá','Lleida', 2),
(9, 'Senderismo por los campos', 'Senderismo', 'Senderismo con vistas a los campos florales', 41.2619, 1.0912, 'Carrer de la Plaça', 'Aitona', 'Segriá','Lleida', 18),
(10, 'Senderismo por los campos', 'Senderismo', 'Senderismo con vistas a los campos florales', 41.2619, 1.0912, 'Carrer de la Plaça', 'Aitona', 'Segriá','Lleida', 19),
(11, 'Senderismo por los campos', 'Senderismo', 'Senderismo con vistas a los campos florales', 41.2619, 1.0912, 'Carrer de la Plaça', 'Aitona', 'Segriá','Lleida', 34),
(12, 'Sendero de hasta el castillo', 'Senderismo', 'Sendero hacia el castillo con vistas espectaculares de los campos en flor', 41.2619, 1.0912, 'Carrer de la Plaça', 'Aitona', 'Segriá','Lleida', 2),
(13, 'Sendero de hasta el castillo', 'Senderismo', 'Sendero hacia el castillo con vistas espectaculares de los campos en flor', 41.2619, 1.0912, 'Carrer de la Plaça', 'Aitona', 'Segriá','Lleida', 18),
(14, 'Sendero de hasta el castillo', 'Senderismo', 'Sendero hacia el castillo con vistas espectaculares de los campos en flor', 41.2619, 1.0912, 'Carrer de la Plaça', 'Aitona', 'Segriá','Lleida', 19),
(15, 'Sendero de hasta el castillo', 'Senderismo', 'Sendero hacia el castillo con vistas espectaculares de los campos en flor', 41.2619, 1.0912, 'Carrer de la Plaça', 'Aitona', 'Segriá','Lleida', 34),
(16, 'Excursión en bicicleta de carretera', 'Bici', 'Excursión en bicicleta de carretera', 41.2619, 1.0912, 'Carrer de la Font', 'Girona', 'Gironès','Girona', 11),
(17, 'Senderismo por el río', 'Senderismo', 'Senderismo junto al río', 41.5912, 1.5209, 'Carrer dels Avets', 'Lleida', 'Segrià','Lleida', 12),
(18, 'Ruta en bicicleta panorámica', 'Bici', 'Ruta en bicicleta con vistas panorámicas', 41.8807, 1.8359, 'Carrer dels Avets', 'Igualada', 'Anoia', 'Barcelona', 13),
(19, 'Sendero del valle', 'Senderismo', 'Sendero a través del valle', 41.3862, 2.1734, 'Passeig de Gràcia', 'Barcelona', 'Barcelonès','Barcelona', 14),
(20, 'Ruta en bicicleta junto al mar', 'Bici', 'Ruta en bicicleta a lo largo de la costa', 41.9559, 1.4474, 'Carrer de les Sitges', 'Manresa', 'Bages','Barcelona', 15),
(21, 'Senderismo en las colinas', 'Senderismo', 'Senderismo en las colinas circundantes', 41.3839, 2.1698, "Carrer de l'Hospital", 'Barcelona', 'Barcelonès','Barcelona', 16),
(22, 'Ruta en bicicleta de campo a través', 'Bici', 'Ruta desafiante de campo a través', 41.5176, 2.1720, 'Carrer de Mozart', 'Barcelona', 'Barcelonès','Barcelona', 17),
(23, 'Senderismo en el bosque de pinos', 'Senderismo', 'Senderismo en un bosque de pinos', 41.3822, 2.1764, 'Carrer dels Arcs', 'Barcelona', 'Barcelonès','Barcelona', 18),
(24, 'Ruta en bicicleta de carretera escénica', 'Bici', 'Ruta en bicicleta de carretera con vistas', 41.5942, 2.4387, 'Carrer de Sants', 'Barcelona', 'Barcelonès','Barcelona', 19),
(25, 'Senderismo en la montaña', 'Senderismo', 'Senderismo en las montañas cercanas', 41.6011, 2.0005, 'Carrer del Moli', 'Barcelona', 'Barcelonès','Barcelona', 20),
(26, 'Ruta en bicicleta rural', 'Bici', 'Ruta en bicicleta por caminos rurales', 41.3822, 2.1764, 'Carrer dels Arcs', 'Barcelona', 'Barcelonès','Barcelona', 21),
(27, 'Senderismo en el cañón', 'Senderismo', 'Senderismo en un cañón natural', 41.3842, 2.1457, 'Carrer de Mallorca', 'Barcelona', 'Barcelonès','Barcelona', 22),
(28, 'Ruta en bicicleta en el campo', 'Bici', 'Ruta en bicicleta a través del campo', 41.6011, 2.0005, 'Carrer del Moli', 'Barcelona', 'Barcelonès','Barcelona', 23),
(29, 'Sendero del bosque encantado', 'Senderismo', 'Sendero a través de un bosque encantado', 41.5906, 2.1607, 'Avinguda del Paral·lel', 'Barcelona', 'Barcelonès','Barcelona', 24),
(30, 'Ruta en bicicleta de ciudad', 'Bici', 'Ruta en bicicleta por la ciudad', 41.5918, 2.5060, 'Carrer de Joan Maragall', 'Lleida', 'Segrià','Lleida', 25),
(31, 'Senderismo en la reserva natural', 'Senderismo', 'Senderismo en una reserva natural', 41.6044, 1.9174, 'Avinguda Diagonal', 'Barcelona', 'Barcelonès','Barcelona', 26),
(32, 'Ruta en bicicleta en las montañas', 'Bici', 'Ruta en bicicleta entre las montañas', 41.5863, 1.6064, 'Carrer dels Gats', 'Manresa', 'Bages','Barcelona', 27),
(33, 'Sendero del río tranquilo', 'Senderismo', 'Sendero a lo largo de un río tranquilo', 41.6411, 0.8903, 'Carrer de Sant Pau', 'Reus', 'Tarragonès','Tarragona', 28),
(34, 'Ruta en bicicleta al atardecer', 'Bici', 'Ruta en bicicleta al atardecer', 41.3822, 2.1764, 'Carrer dels Arcs', 'Barcelona', 'Barcelonès','Barcelona', 29),
(35, 'Senderismo en el mirador', 'Senderismo', 'Senderismo con vistas desde el mirador', 41.5871, 2.2567, 'Carrer de Casanova', 'Barcelona', 'Barcelonès','Barcelona', 30),
(36, 'Ruta en bicicleta costera', 'Bici', 'Ruta en bicicleta a lo largo de la costa', 41.3839, 2.1698, "Carrer de l'Hospital", 'Barcelona', 'Barcelonès','Barcelona', 31),
(37, 'Sendero de la cascada', 'Senderismo', 'Sendero hasta una cascada escondida', 41.3805, 2.1226, 'Carrer de la Diputació', 'Barcelona', 'Barcelonès','Barcelona', 32),
(38, 'Ruta en bicicleta en la naturaleza', 'Bici', 'Ruta en bicicleta en medio de la naturaleza', 41.3839, 2.1698, "Carrer de l'Hospital", 'Barcelona', 'Barcelonès','Barcelona', 33),
(39, 'Senderismo en la montaña rocosa', 'Senderismo', 'Senderismo en una montaña rocosa', 41.6254, 1.6450, "Carrer del Pla de l'Estany", 'Lleida', 'Segrià','Lleida', 34),
(40, 'Ruta en bicicleta por los campos', 'Bici', 'Ruta en bicicleta a través de campos', 41.5851, 1.6057, 'Carrer dels Gats', 'Manresa', 'Bages','Barcelona', 35),
(41, 'Sendero de la costa salvaje', 'Senderismo', 'Sendero a lo largo de la costa salvaje', 41.3822, 2.1764, 'Carrer dels Arcs', 'Barcelona', 'Barcelonès','Barcelona', 36),
(42, 'Ruta en bicicleta nocturna', 'Bici', 'Ruta en bicicleta bajo la luz de la luna', 41.3842, 2.1457, 'Carrer de Mallorca', 'Barcelona', 'Barcelonès','Barcelona', 37),
(43, 'Senderismo en el bosque encantado', 'Senderismo', 'Senderismo en un bosque encantado', 41.6053, 2.0195, 'Carrer de la Princesa', 'Barcelona', 'Barcelonès','Barcelona', 38),
(44, 'Ruta en bicicleta de montaña extrema', 'Bici', 'Ruta en bicicleta de montaña extrema', 41.3842, 2.1457, 'Carrer de Mallorca', 'Barcelona', 'Barcelonès','Barcelona', 39),
(45, 'Sendero de montaña al amanecer', 'Senderismo', 'Sendero de montaña al amanecer', 41.6000, 1.0833, 'Carrer del Rec', 'Barcelona', 'Barcelonès','Barcelona', 40);

INSERT INTO imagenes (id, nombre, tipo ,tamanio, punto_interes_id, temporada_id, actividad_id) VALUES
(1, 'camposLavandaMaxFloracion', '.jpeg' , '1920x1080', null, null, 1),
(2, 'casa_campo_olivos', '.jpeg' ,'1920x1080', null, null, null),
(3, 'casa_rural_viña', '.jpeg' ,'1920x1080', null, null, 1),
(4, 'cerezoCapulloInteres','.jpg' , '1920x1080', 2, null, null),
(5, 'cerezoGrandeFrutaInteres2', '.jpeg' , '1920x1080', 2, null, 1),
(6, 'CerezoGrandeInteres3', '.jpeg' , '1920x1080', 2, null, null),
(7, 'CerezoGrandeInteres4', '.jpeg' , '1920x1080', 2, null, null),
(8, 'CerezoInicioFlorInteres3', '.jpeg' , '1920x1080', 2, null, null),
(9, 'ViñaUvaGrandeInteres', '.avif' , '1920x1080', null, null, 1),
(10, 'camposMaxFloracionLavandaSol', '.jpeg' ,'1920x1080', null, null, 1),
(11, 'CerezoMaxFlorInteres1', '.jpeg' ,'1920x1080', null, null, 5),
(12, 'CerezoMaxFlorInteres3', '.jpeg' ,'1920x1080', null, null, 5),
(13, 'CerezoMedianoInteres', '.jpeg' ,'1920x1080', null, null, 5),
(14, 'CerezoMedianoInteres4', '.jpeg' ,'1920x1080', null, null, 5),
(15, 'CerezoMuertoInteres', '.jpeg' ,'1920x1080', null, null, 6),
(16, 'CerezoMuertoInteres3', '.jpeg' ,'1920x1080', null, null, 6),
(17, 'CerezoPequenioInteres3', '.jpeg' ,'1920x1080', null, null, 6),
(18, 'CerezoPequenoInteres', '.jpg' ,'1920x1080', null, null, 6),
(19, 'chalet_olivos', '.jpeg' ,'1920x1080', 1, null, null),
(20, 'LavandaCapulloInteres', '.jpeg' ,'1920x1080', 1, null, null),
(21, 'LavandaCapulloInteres2', '.jpeg' ,'1920x1080', 1, null, null),
(22, 'LavandaCapulloInteres3', '.jpeg' ,'1920x1080', 1, null, null),
(23, 'lavandaInicioFlorInteres', '.jpeg' ,'1920x1080', 1, null, null),
(24, 'LavandaInicioFlorInteres2', '.jpeg' ,'1920x1080', 1, null, null),
(25, 'LavandaInicioFlorInteres3', '.jpeg' ,'1920x1080', 1, null, null),
(26, 'lavandaMuertaInteresMaceta', '.jpeg' ,'1920x1080', 1, null, null),
(27, 'OlivaMedianaInteres', '.jpeg' ,'1920x1080', 1, null, null),
(28, 'OlivaMedianaInteres2', '.jpeg' ,'1920x1080', 1, null, null),
(29, 'OlivoFlorInteres', '.jpeg' ,'1920x1080', 1, null, null),
(30, 'olivoFlorInteres2', '.jpeg' ,'1920x1080', 1, null, null),
(31, 'OlivoFlorInteres3', '.jpg' ,'1920x1080', 1, null, null),
(32, 'OlivoGrandeInteres', '.jpeg' ,'1920x1080', 1, null, null),
(33, 'OlivoGrandeInteres2', '.jpeg' ,'1920x1080', 1, null, null),
(34, 'OlivoGrandeInteres3', '.jpeg' ,'1920x1080', 1, null, null),
(35, 'OlivoMedianoInteres3', '.jpeg' ,'1920x1080', 1, null, null),
(36, 'OlivoPequenoInteres2', '.jpeg' ,'1920x1080', 1, null, null),
(37, 'rain-wet-cherry-blossom-buds-2080191_640', '.jpg' ,'1920x1080', 1, null, null),
(38, 'rural_lavanda', '.jpeg' ,'1920x1080', 1, null, null),
(39, 'viña_raval', '.jpeg' ,'1920x1080', 1, null, null),
(40, 'ViñaFlorInteres', '.jpeg' ,'1920x1080', 1, null, null),
(41, 'ViñaFlorInteres3', '.jpeg' ,'1920x1080', 1, null, null),
(42, 'ViñaMedianaInteres2', '.jpeg' ,'1920x1080', 1, null, null),
(43, 'ViñaUvaGrandeInteres2', '.jpeg' ,'1920x1080', 1, null, null),
(44, 'ViñaUvaGrandeInteres3', '.jpeg' ,'1920x1080', 1, null, null),
(45, 'ViñaUvaMedianaInteres', '.jpeg' ,'1920x1080', 1, null, null),
(46, 'ViñaUvaMedianaInteres2', '.jpeg' ,'1920x1080', 1, null, null),
(47, 'ViñaUvaPequeñaInteres', '.jpeg' ,'1920x1080', 1, null, null),
(48, 'ViñaUvaPequeñaInteres2', '.jpeg' ,'1920x1080', 1, null, null),
(49, 'camposMaxFloracionLavandaSol2', '.webp' ,'1920x1080', 1, null, null),
(50, 'CerezaMedianoInteres2', '.webp' ,'1920x1080', null, null, 7),
(51, 'CerezoInicioFlorInteres', '.webp' ,'1920x1080', null, null, 7),
(52, 'CerezoPequenioInteres3', '.webp' ,'1920x1080', null, null, 7),
(53, 'CerezoPequenioInteres4', '.webp' ,'1920x1080', null, null, 8),
(54, 'CerezoPequenoInteres', '.webp' ,'1920x1080', null, null, 8),
(55, 'lavandaMueraInteres', '.webp' ,'1920x1080', null, null, null),
(56, 'OlivoPequenoInteres3', '.webp' ,'1920x1080', null, null, null),
(57, 'OlivoPequeñoInteres', '.webp' ,'1920x1080', null, null, null),
(58, 'ViñaFlorInteres2', '.webp' ,'1920x1080', null, 1, null),
(59, 'viña_raval', '.jpeg' ,'1920x1080', null, 1, null),
(60, 'ViñaFlorInteres', '.jpeg' ,'1920x1080', null, 1, null),
(61, 'ViñaFlorInteres3', '.jpeg' ,'1920x1080', null, 1, null),
(62, 'ViñaMedianaInteres2', '.jpeg' ,'1920x1080', null, 1, null),
(63, 'ViñaUvaGrandeInteres2', '.jpeg' ,'1920x1080', null, 41, null),
(64, 'ViñaUvaGrandeInteres3', '.jpeg' ,'1920x1080', null, 41, null),
(65, 'ViñaUvaMedianaInteres', '.jpeg' ,'1920x1080', null, 1, null),
(66, 'ViñaUvaMedianaInteres2', '.jpeg' ,'1920x1080', null, 41, null),
(67, 'ViñaUvaPequeñaInteres', '.jpeg' ,'1920x1080', null, null, 2),
(68, 'ViñaUvaPequeñaInteres2', '.jpeg' ,'1920x1080', null, null, 2),
(69, 'viña_raval', '.jpeg' ,'1920x1080', null, null, 2),
(70, 'ViñaFlorInteres', '.jpeg' ,'1920x1080', null, null, 2),
(71, 'ViñaFlorInteres3', '.jpeg' ,'1920x1080', null, null, 3),
(72, 'ViñaMedianaInteres2', '.jpeg' ,'1920x1080', null, null, 3),
(73, 'ViñaUvaGrandeInteres2', '.jpeg' ,'1920x1080', null, null, 3),
(74, 'ViñaUvaGrandeInteres3', '.jpeg' ,'1920x1080', null, null, 2),
(75, 'ViñaUvaMedianaInteres', '.jpeg' ,'1920x1080', null, null, 3),
(76, 'ViñaUvaMedianaInteres2', '.jpeg' ,'1920x1080', null, null, 4),
(77, 'ViñaUvaPequeñaInteres', '.jpeg' ,'1920x1080', null, null, 4),
(78, 'ViñaUvaPequeñaInteres2', '.jpeg' ,'1920x1080', null, null, 4),
(79, 'CerezoMaxFlorInteres1', '.jpeg' ,'1920x1080', null, null, 5),
(80, 'CerezoMaxFlorInteres3', '.jpeg' ,'1920x1080', null, null, 5),
(81, 'CerezoMedianoInteres', '.jpeg' ,'1920x1080', null, null, 5),
(82, 'CerezoMedianoInteres4', '.jpeg' ,'1920x1080', null, null, 5),
(83, 'CerezoMuertoInteres', '.jpeg' ,'1920x1080', null, null, 6),
(84, 'CerezoMuertoInteres3', '.jpeg' ,'1920x1080', null, null, 6),
(85, 'CerezoPequenioInteres3', '.jpeg' ,'1920x1080', null, null, 6),
(86, 'CerezoPequenoInteres', '.jpg' ,'1920x1080', null, null, 6),
(87, 'CerezoMaxFlorInteres1', '.jpeg' ,'1920x1080', null, null, 7),
(88, 'CerezoMaxFlorInteres3', '.jpeg' ,'1920x1080', null, null, 7),
(89, 'CerezoMedianoInteres', '.jpeg' ,'1920x1080', null, null, 7),
(90, 'CerezoMedianoInteres4', '.jpeg' ,'1920x1080', null, null, 7),
(91, 'CerezoMaxFlorInteres1', '.jpeg' ,'1920x1080', null, null, 8),
(92, 'CerezoMaxFlorInteres3', '.jpeg' ,'1920x1080', null, null, 8),
(93, 'CerezoMedianoInteres', '.jpeg' ,'1920x1080', null, null, 8),
(94, 'CerezoMedianoInteres4', '.jpeg' ,'1920x1080', null, null, 8),
(95, 'CerezoMuertoInteres', '.jpeg' ,'1920x1080', null, null, 8),
(96, 'CerezoMuertoInteres3', '.jpeg' ,'1920x1080', null, null, 8),
(97, 'CerezoPequenioInteres3', '.jpeg' ,'1920x1080', null, null, 8),
(98, 'CerezoPequenoInteres', '.jpg' ,'1920x1080', null, null, 8),
(99, 'CerezoMaxFlorInteres1', '.jpeg' ,'1920x1080', null, null, 8),
(100, 'CerezoMaxFlorInteres3', '.jpeg' ,'1920x1080', null, null, 9),
(101, 'CerezoMedianoInteres', '.jpeg' ,'1920x1080', null, null, 9),
(102, 'CerezoMedianoInteres4', '.jpeg' ,'1920x1080', null, null, 9),
(103, 'CerezoMuertoInteres', '.jpeg' ,'1920x1080', null, null, 9),
(104, 'CerezoMuertoInteres3', '.jpeg' ,'1920x1080', null, null, 9),
(105, 'CerezoPequenioInteres3', '.jpeg' ,'1920x1080', null, null, 10),
(106, 'CerezoPequenoInteres', '.jpg' ,'1920x1080', null, null, 10),
(107, 'cerezoCapulloInteres','.jpg' , '1920x1080', null, null, 10),
(108, 'cerezoGrandeFrutaInteres2', '.jpeg' , '1920x1080', null, null,10),
(109, 'CerezoGrandeInteres3', '.jpeg' , '1920x1080', null, null, 10),
(110, 'CerezoGrandeInteres4', '.jpeg' , '1920x1080', null, null, 11),
(111, 'CerezoInicioFlorInteres3', '.jpeg' , '1920x1080', null, null, 11),
(112, 'cerezoCapulloInteres','.jpg' , '1920x1080', null, null, 11),
(113, 'cerezoGrandeFrutaInteres2', '.jpeg' , '1920x1080', null, null, 11),
(114, 'CerezoGrandeInteres3', '.jpeg' , '1920x1080', null, null, 11),
(115, 'CerezoGrandeInteres4', '.jpeg' , '1920x1080', null, null, 11),
(116, 'CerezoInicioFlorInteres3', '.jpeg' , '1920x1080', null, null, 12),
(117, 'cerezoCapulloInteres','.jpg' , '1920x1080', null, null, 12),
(118, 'cerezoGrandeFrutaInteres2', '.jpeg' , '1920x1080', null, null, 12),
(119, 'CerezoGrandeInteres3', '.jpeg' , '1920x1080', null, null, 12),
(120, 'CerezoGrandeInteres4', '.jpeg' , '1920x1080', null, null, 13),
(121, 'CerezoInicioFlorInteres3', '.jpeg' , '1920x1080', null, null,13),
(122, 'CerezoMedianoInteres4', '.jpeg' ,'1920x1080', null, null, 13), 
(123, 'CerezoMuertoInteres', '.jpeg' ,'1920x1080', null, null, 13), 
(124, 'CerezoMuertoInteres3', '.jpeg' ,'1920x1080', null, null, 13), 
(125, 'CerezoPequenioInteres3', '.jpeg' ,'1920x1080', null, null, 13), 
(126, 'CerezoPequenoInteres', '.jpg' ,'1920x1080', null, null, 13), 
(127, 'cerezoCapulloInteres','.jpg' , '1920x1080', null, null, 14), 
(128, 'cerezoGrandeFrutaInteres2', '.jpeg' , '1920x1080', null, null, 14), 
(129, 'CerezoGrandeInteres3', '.jpeg' , '1920x1080', null, null, 14), 
(130, 'CerezoGrandeInteres4', '.jpeg' , '1920x1080', null, null, 14), 
(131, 'CerezoInicioFlorInteres3', '.jpeg' , '1920x1080', null, null,14), 
(132, 'cerezoCapulloInteres','.jpg' , '1920x1080', null, null, 14), 
(133, 'cerezoGrandeFrutaInteres2', '.jpeg' , '1920x1080', null, null,14), 
(134, 'CerezoGrandeInteres3', '.jpeg' , '1920x1080', null, null, 15), 
(135, 'CerezoGrandeInteres4', '.jpeg' , '1920x1080', null, null, 15), 
(136, 'CerezoInicioFlorInteres3', '.jpeg' , '1920x1080', null, null, 15), 
(137, 'cerezoCapulloInteres','.jpg' , '1920x1080', null, null, 15), 
(138, 'cerezoGrandeFrutaInteres2', '.jpeg' , '1920x1080', null, null,15), 
(139, 'CerezoGrandeInteres3', '.jpeg' , '1920x1080', null, null, 15), 
(140, 'CerezoGrandeInteres4', '.jpeg' , '1920x1080', null, null, 15);

INSERT INTO clientes (id, nombre, email, password) VALUES
(1, 'Ana García', 'ana@example.com', '$2y$10$qNlMvJGoKHLNnxw0ryqdnerytGsOnItQe3XiYpiCJ/uoZsZCbwFeu'),
(2, 'Pablo Martínez', 'pablo@example.com', '$2y$10$mu6Jo29tsp6GAKVUuxs0wuWYi.66cXyg1DUqS42RUgAhDn04ehTKq'),
(3, 'Marta López', 'marta@example.com', '$2y$10$mu6Jo29tsp6GAKVUuxs0wuWYi.66cXyg1DUqS42RUgAhDn04ehTKq'),
(4, 'David Rodríguez', 'david@example.com', '$2y$10$mu6Jo29tsp6GAKVUuxs0wuWYi.66cXyg1DUqS42RUgAhDn04ehTKq'),
(5, 'Laura Sánchez', 'laura@example.com', '$2y$10$mu6Jo29tsp6GAKVUuxs0wuWYi.66cXyg1DUqS42RUgAhDn04ehTKq'),
(6, 'Carlos Pérez', 'carlos@example.com', '$2y$10$mu6Jo29tsp6GAKVUuxs0wuWYi.66cXyg1DUqS42RUgAhDn04ehTKq'),
(7, 'Elena Gómez', 'elena@example.com', '$2y$10$mu6Jo29tsp6GAKVUuxs0wuWYi.66cXyg1DUqS42RUgAhDn04ehTKq'),
(8, 'Sergio Ruiz', 'sergio@example.com', '$2y$10$mu6Jo29tsp6GAKVUuxs0wuWYi.66cXyg1DUqS42RUgAhDn04ehTKq'),
(9, 'Sofía Martín', 'sofia@example.com', '$2y$10$mu6Jo29tsp6GAKVUuxs0wuWYi.66cXyg1DUqS42RUgAhDn04ehTKq'),
(10, 'Javier Fernández', 'javier@example.com', '$2y$10$mu6Jo29tsp6GAKVUuxs0wuWYi.66cXyg1DUqS42RUgAhDn04ehTKq'),
(11, 'Andrea Ruiz', 'andrea@example.com', '$2y$10$mu6Jo29tsp6GAKVUuxs0wuWYi.66cXyg1DUqS42RUgAhDn04ehTKq'),
(12, 'Diego López', 'diego@example.com', '$2y$10$mu6Jo29tsp6GAKVUuxs0wuWYi.66cXyg1DUqS42RUgAhDn04ehTKq'),
(13, 'Paula García', 'paula@example.com', '$2y$10$mu6Jo29tsp6GAKVUuxs0wuWYi.66cXyg1DUqS42RUgAhDn04ehTKq'),
(14, 'Adrián Sánchez', 'adrian@example.com', '$2y$10$mu6Jo29tsp6GAKVUuxs0wuWYi.66cXyg1DUqS42RUgAhDn04ehTKq'),
(15, 'Natalia Martínez', 'natalia@example.com', '$2y$10$mu6Jo29tsp6GAKVUuxs0wuWYi.66cXyg1DUqS42RUgAhDn04ehTKq'),
(16, 'Lucas Pérez', 'lucas@example.com', '$2y$10$mu6Jo29tsp6GAKVUuxs0wuWYi.66cXyg1DUqS42RUgAhDn04ehTKq'),
(17, 'Julia Gómez', 'julia@example.com', '$2y$10$mu6Jo29tsp6GAKVUuxs0wuWYi.66cXyg1DUqS42RUgAhDn04ehTKq'),
(18, 'Marcos Ruiz', 'marcos@example.com', '$2y$10$mu6Jo29tsp6GAKVUuxs0wuWYi.66cXyg1DUqS42RUgAhDn04ehTKq'),
(19, 'Sara Martín', 'sara@example.com', '$2y$10$mu6Jo29tsp6GAKVUuxs0wuWYi.66cXyg1DUqS42RUgAhDn04ehTKq'),
(20, 'Carmen Fernández', 'carmen@example.com', '$2y$10$mu6Jo29tsp6GAKVUuxs0wuWYi.66cXyg1DUqS42RUgAhDn04ehTKq'),
(21, 'Alejandro García', 'alejandro@example.com', '$2y$10$mu6Jo29tsp6GAKVUuxs0wuWYi.66cXyg1DUqS42RUgAhDn04ehTKq'),
(22, 'María Rodríguez', 'maria@example.com', '$2y$10$mu6Jo29tsp6GAKVUuxs0wuWYi.66cXyg1DUqS42RUgAhDn04ehTKq'),
(23, 'Daniel Sánchez', 'daniel@example.com', '$2y$10$mu6Jo29tsp6GAKVUuxs0wuWYi.66cXyg1DUqS42RUgAhDn04ehTKq'),
(24, 'Alba Pérez', 'alba@example.com', '$2y$10$mu6Jo29tsp6GAKVUuxs0wuWYi.66cXyg1DUqS42RUgAhDn04ehTKq'),
(25, 'Jorge Gómez', 'jorge@example.com', '$2y$10$mu6Jo29tsp6GAKVUuxs0wuWYi.66cXyg1DUqS42RUgAhDn04ehTKq'),
(26, 'Isabel Martín', 'isabel@example.com', '$2y$10$mu6Jo29tsp6GAKVUuxs0wuWYi.66cXyg1DUqS42RUgAhDn04ehTKq'),
(27, 'Hugo Fernández', 'hugo@example.com', '$2y$10$mu6Jo29tsp6GAKVUuxs0wuWYi.66cXyg1DUqS42RUgAhDn04ehTKq'),
(28, 'Lucía López', 'lucia@example.com', '$2y$10$mu6Jo29tsp6GAKVUuxs0wuWYi.66cXyg1DUqS42RUgAhDn04ehTKq'),
(29, 'Alejandra Ruiz', 'alejandra@example.com', '$2y$10$mu6Jo29tsp6GAKVUuxs0wuWYi.66cXyg1DUqS42RUgAhDn04ehTKq'),
(30, 'Manuel García', 'manuel@example.com', '$2y$10$mu6Jo29tsp6GAKVUuxs0wuWYi.66cXyg1DUqS42RUgAhDn04ehTKq'),
(31, 'Cristina Pérez', 'cristina@example.com', '$2y$10$mu6Jo29tsp6GAKVUuxs0wuWYi.66cXyg1DUqS42RUgAhDn04ehTKq'),
(32, 'Pablo Sánchez', 'pablo2@example.com', '$2y$10$mu6Jo29tsp6GAKVUuxs0wuWYi.66cXyg1DUqS42RUgAhDn04ehTKq'),
(33, 'Valeria Martínez', 'valeria@example.com', '$2y$10$mu6Jo29tsp6GAKVUuxs0wuWYi.66cXyg1DUqS42RUgAhDn04ehTKq'),
(34, 'Ainhoa Gómez', 'ainhoa@example.com', '$2y$10$mu6Jo29tsp6GAKVUuxs0wuWYi.66cXyg1DUqS42RUgAhDn04ehTKq'),
(35, 'Samuel Fernández', 'samuel@example.com', '$2y$10$mu6Jo29tsp6GAKVUuxs0wuWYi.66cXyg1DUqS42RUgAhDn04ehTKq'),
(36, 'Lucía López', 'lucia2@example.com', '$2y$10$mu6Jo29tsp6GAKVUuxs0wuWYi.66cXyg1DUqS42RUgAhDn04ehTKq'),
(37, 'Daniela Rodríguez', 'daniela@example.com', '$2y$10$mu6Jo29tsp6GAKVUuxs0wuWYi.66cXyg1DUqS42RUgAhDn04ehTKq'),
(38, 'Iker Sánchez', 'iker@example.com', '$2y$10$mu6Jo29tsp6GAKVUuxs0wuWYi.66cXyg1DUqS42RUgAhDn04ehTKq'),
(39, 'Emma Pérez', 'emma@example.com', '$2y$10$mu6Jo29tsp6GAKVUuxs0wuWYi.66cXyg1DUqS42RUgAhDn04ehTKq'),
(40, 'Mateo Martín', 'mateo@example.com', '$2y$10$mu6Jo29tsp6GAKVUuxs0wuWYi.66cXyg1DUqS42RUgAhDn04ehTKq');

INSERT INTO resenias (id, puntuacion, resenia, fecha, actividad_id, cliente_id) VALUES
(1, 4, 'Buena experiencia', '2024-03-15', 1, 1),
(2, 5, '¡Increíble!', '2024-04-02', 2, 2),
(3, 3, 'Me gustó', '2024-03-25', 3, 3),
(4, 4, 'Gran aventura', '2024-03-18', 4, 4),
(5, 5, 'Fantástico', '2024-04-01', 5, 5),
(6, 4, 'Disfruté mucho', '2024-03-20', 6, 6),
(7, 5, 'Increíblemente divertido', '2024-03-30', 7, 7),
(8, 3, 'Bueno pero puede mejorar', '2024-03-22', 8, 8),
(9, 4, 'Recomendado', '2024-03-28', 9, 9),
(10, 5, 'Excelente servicio', '2024-03-16', 10, 10),
(11, 4, 'Muy divertido', '2024-03-24', 11, 11),
(12, 5, 'Lo mejor que he hecho', '2024-03-31', 12, 12),
(13, 3, 'No está mal', '2024-03-17', 13, 13),
(14, 4, 'Buen equipo', '2024-03-26', 14, 14),
(15, 5, '¡Volveré pronto!', '2024-04-03', 15, 15),
(16, 4, 'Buena experiencia', '2024-03-15', 16, 16),
(17, 5, '¡Increíble!', '2024-04-02', 17, 17),
(18, 3, 'Me gustó', '2024-03-25', 18, 18),
(19, 4, 'Gran aventura', '2024-03-18', 19, 19),
(20, 5, 'Fantástico', '2024-04-01', 20, 20),
(21, 4, 'Disfruté mucho', '2024-03-20', 21, 21),
(22, 5, 'Increíblemente divertido', '2024-03-30', 22, 22),
(23, 3, 'Bueno pero puede mejorar', '2024-03-22', 23, 23),
(24, 4, 'Recomendado', '2024-03-28', 24, 24),
(25, 5, 'Excelente servicio', '2024-03-16', 25, 25),
(26, 4, 'Muy divertido', '2024-03-24', 26, 26),
(27, 5, 'Lo mejor que he hecho', '2024-03-31', 27, 27),
(28, 3, 'No está mal', '2024-03-17', 28, 28),
(29, 4, 'Buen equipo', '2024-03-26', 29, 29),
(30, 5, '¡Volveré pronto!', '2024-04-03', 30, 30),
(31, 4, 'Buena experiencia', '2024-03-15', 31, 31),
(32, 5, '¡Increíble!', '2024-04-02', 32, 32),
(33, 3, 'Me gustó', '2024-03-25', 33, 33),
(34, 4, 'Gran aventura', '2024-03-18', 34, 34),
(35, 5, 'Fantástico', '2024-04-01', 35, 35),
(36, 4, 'Disfruté mucho', '2024-03-20', 36, 36),
(37, 5, 'Increíblemente divertido', '2024-03-30', 37, 37),
(38, 3, 'Bueno pero puede mejorar', '2024-03-22', 38, 38),
(39, 4, 'Recomendado', '2024-03-28', 39, 39),
(40, 5, 'Excelente servicio', '2024-03-16', 40, 40);